episode,loss
1,0.00340395
2,0.00310076
3,0.00349057
4,0.00297085
5,0.00298149
6,0.00318434
7,0.00317229
8,0.00251563
9,0.003174
10,0.0032783
11,0.00270102
12,0.00274229
13,0.00280456
14,0.00296604
15,0.00290496
16,0.0035747
17,0.0023998
10,1.37764e-05
10,1.49001e-05
