pose,start,finish_time,goal_state
651,1515854229.99789,1515854254.556219,4
