pose,start,finish_time,goal_state
650,1515853746.651926,1515853771.212913,4
