pose,start,finish_time,goal_state
652,1515854607.81021,1515854632.429576,4
