pose,start,finish_time,goal_state
653,1515854823.954011,1515854853.322802,3
